{
  "chiplets": [
    {
      "id": "A",
      "width": 16.0,
      "height": 16.0,
      "x": 10.0,
      "y": 45.0
    },
    {
      "id": "B",
      "width": 10.0,
      "height": 20.0,
      "x": 0.0,
      "y": 45.0
    },
    {
      "id": "C",
      "width": 20.0,
      "height": 20.0,
      "x": 26.0,
      "y": 36.0
    },
    {
      "id": "D",
      "width": 16.0,
      "height": 14.0,
      "x": 11.0,
      "y": 64.0
    },
    {
      "id": "E",
      "width": 4.0,
      "height": 4.0,
      "x": 26.0,
      "y": 56.0
    },
    {
      "id": "F",
      "width": 3.0,
      "height": 4.0,
      "x": 26.0,
      "y": 60.0
    },
    {
      "id": "G",
      "width": 4.0,
      "height": 2.0,
      "x": 46.0,
      "y": 35.0
    },
    {
      "id": "H",
      "width": 3.0,
      "height": 3.0,
      "x": 46.0,
      "y": 34.0
    },
    {
      "id": "I",
      "width": 4.0,
      "height": 5.0,
      "x": 26.0,
      "y": 60.0
    },
    {
      "id": "J",
      "width": 3.0,
      "height": 3.0,
      "x": 26.0,
      "y": 62.0
    },
    {
      "id": "K",
      "width": 2.0,
      "height": 3.0,
      "x": 10.0,
      "y": 43.0
    },
    {
      "id": "L",
      "width": 2.0,
      "height": 4.0,
      "x": 10.0,
      "y": 42.0
    }
  ]
}