{
  "chiplet_ids": [
    "A",
    "B",
    "C",
    "D",
    "E",
    "F",
    "G",
    "H"
  ],
  "Ch_edges": [
    [
      "A",
      "G"
    ],
    [
      "B",
      "A"
    ],
    [
      "B",
      "D"
    ],
    [
      "B",
      "G"
    ],
    [
      "C",
      "D"
    ],
    [
      "C",
      "G"
    ],
    [
      "C",
      "E"
    ],
    [
      "C",
      "B"
    ],
    [
      "C",
      "A"
    ],
    [
      "F",
      "B"
    ],
    [
      "F",
      "G"
    ],
    [
      "F",
      "E"
    ],
    [
      "F",
      "A"
    ],
    [
      "F",
      "C"
    ],
    [
      "F",
      "D"
    ],
    [
      "H",
      "C"
    ],
    [
      "H",
      "D"
    ],
    [
      "H",
      "B"
    ],
    [
      "H",
      "G"
    ],
    [
      "H",
      "E"
    ],
    [
      "H",
      "F"
    ],
    [
      "H",
      "A"
    ]
  ],
  "Cv_edges": [
    [
      "D",
      "A"
    ],
    [
      "E",
      "B"
    ],
    [
      "E",
      "D"
    ],
    [
      "E",
      "A"
    ],
    [
      "G",
      "E"
    ],
    [
      "G",
      "D"
    ]
  ],
  "metadata": {
    "attempt": 916,
    "status": "\u2713 TCG\u5408\u6cd5+\u8c03\u6574\u6210\u529f",
    "area": 3024.0,
    "utilization": 0.44907407407407407,
    "Pc": 0.0,
    "Pl": 0.0
  }
}