{
  "chiplets": [
    {
      "id": "A",
      "width": 16.0,
      "height": 16.0,
      "x": 0.0,
      "y": 0.0
    },
    {
      "id": "B",
      "width": 10.0,
      "height": 24.0,
      "x": 16.0,
      "y": 6.0
    },
    {
      "id": "C",
      "width": 20.0,
      "height": 20.0,
      "x": 26.0,
      "y": 27.0
    },
    {
      "id": "D",
      "width": 16.0,
      "height": 16.0,
      "x": 26.0,
      "y": 11.0
    },
    {
      "id": "E",
      "width": 10.0,
      "height": 10.0,
      "x": 46.0,
      "y": 34.0
    },
    {
      "id": "F",
      "width": 8.0,
      "height": 7.0,
      "x": 46.0,
      "y": 27.0
    },
    {
      "id": "G",
      "width": 5.0,
      "height": 6.0,
      "x": 16.0,
      "y": 0.0
    },
    {
      "id": "H",
      "width": 4.0,
      "height": 5.0,
      "x": 54.0,
      "y": 27.0
    }
  ]
}