{
  "chiplet_ids": [
    "A",
    "B",
    "C",
    "D",
    "E",
    "F",
    "G",
    "H"
  ],
  "Ch_edges": [
    [
      "A",
      "G"
    ],
    [
      "B",
      "A"
    ],
    [
      "B",
      "D"
    ],
    [
      "B",
      "G"
    ],
    [
      "C",
      "D"
    ],
    [
      "C",
      "G"
    ],
    [
      "C",
      "E"
    ],
    [
      "C",
      "B"
    ],
    [
      "C",
      "A"
    ],
    [
      "F",
      "B"
    ],
    [
      "F",
      "G"
    ],
    [
      "F",
      "E"
    ],
    [
      "F",
      "A"
    ],
    [
      "F",
      "C"
    ],
    [
      "F",
      "D"
    ],
    [
      "H",
      "C"
    ],
    [
      "H",
      "D"
    ],
    [
      "H",
      "B"
    ],
    [
      "H",
      "G"
    ],
    [
      "H",
      "E"
    ],
    [
      "H",
      "F"
    ],
    [
      "H",
      "A"
    ]
  ],
  "Cv_edges": [
    [
      "D",
      "G"
    ],
    [
      "D",
      "A"
    ],
    [
      "E",
      "G"
    ],
    [
      "E",
      "D"
    ],
    [
      "E",
      "B"
    ],
    [
      "E",
      "A"
    ]
  ],
  "metadata": {
    "attempt": 203,
    "status": "\u2713 \u76f4\u63a5\u5408\u6cd5",
    "area": 2646.0,
    "utilization": 0.5132275132275133,
    "Pc": 0.0,
    "Pl": 0.0
  }
}