{
  "chiplet_ids": [
    "A",
    "B",
    "C",
    "D",
    "E",
    "F",
    "G",
    "H"
  ],
  "Ch_edges": [
    [
      "A",
      "F"
    ],
    [
      "A",
      "C"
    ],
    [
      "A",
      "D"
    ],
    [
      "A",
      "H"
    ],
    [
      "A",
      "E"
    ],
    [
      "A",
      "B"
    ],
    [
      "B",
      "F"
    ],
    [
      "B",
      "C"
    ],
    [
      "B",
      "D"
    ],
    [
      "B",
      "H"
    ],
    [
      "B",
      "E"
    ],
    [
      "C",
      "H"
    ],
    [
      "C",
      "E"
    ],
    [
      "C",
      "F"
    ],
    [
      "F",
      "H"
    ],
    [
      "G",
      "B"
    ],
    [
      "G",
      "E"
    ],
    [
      "G",
      "A"
    ],
    [
      "G",
      "F"
    ],
    [
      "G",
      "C"
    ],
    [
      "G",
      "D"
    ],
    [
      "G",
      "H"
    ]
  ],
  "Cv_edges": [
    [
      "D",
      "E"
    ],
    [
      "D",
      "H"
    ],
    [
      "D",
      "F"
    ],
    [
      "D",
      "C"
    ],
    [
      "E",
      "H"
    ],
    [
      "E",
      "F"
    ]
  ],
  "metadata": {
    "attempt": 296,
    "status": "\u2713 \u76f4\u63a5\u5408\u6cd5",
    "area": 2268.0,
    "utilization": 0.5987654320987654,
    "Pc": 0.0,
    "Pl": 0.0
  }
}