{
  "chiplets": [
    {
      "id": "A",
      "width": 16.0,
      "height": 16.0,
      "x": 34.0,
      "y": 28.0
    },
    {
      "id": "B",
      "width": 10.0,
      "height": 20.0,
      "x": 24.0,
      "y": 9.0
    },
    {
      "id": "C",
      "width": 20.0,
      "height": 20.0,
      "x": 4.0,
      "y": 20.0
    },
    {
      "id": "D",
      "width": 16.0,
      "height": 14.0,
      "x": 34.0,
      "y": 0.0
    },
    {
      "id": "E",
      "width": 4.0,
      "height": 4.0,
      "x": 0.0,
      "y": 17.0
    },
    {
      "id": "F",
      "width": 3.0,
      "height": 4.0,
      "x": 24.0,
      "y": 39.0
    },
    {
      "id": "G",
      "width": 4.0,
      "height": 2.0,
      "x": 50.0,
      "y": 43.0
    },
    {
      "id": "H",
      "width": 3.0,
      "height": 3.0,
      "x": 27.0,
      "y": 37.0
    }
  ]
}