{
  "chiplet_ids": [
    "A",
    "B",
    "C",
    "D",
    "E"
  ],
  "Ch_edges": [
    [
      "B",
      "D"
    ],
    [
      "B",
      "A"
    ],
    [
      "C",
      "E"
    ],
    [
      "C",
      "D"
    ],
    [
      "C",
      "B"
    ],
    [
      "C",
      "A"
    ]
  ],
  "Cv_edges": [
    [
      "A",
      "D"
    ],
    [
      "A",
      "E"
    ],
    [
      "D",
      "E"
    ],
    [
      "E",
      "B"
    ]
  ],
  "metadata": {
    "attempt": 177,
    "status": "\u2713 \u76f4\u63a5\u5408\u6cd5",
    "area": 2484.0,
    "utilization": 0.44122383252818037,
    "Pc": 0.0,
    "Pl": 0.0
  }
}