{
  "chiplets": [
    {
      "id": "A",
      "width": 16.0,
      "height": 16.0,
      "x": 30.0,
      "y": 14.0
    },
    {
      "id": "B",
      "width": 10.0,
      "height": 20.0,
      "x": 20.0,
      "y": 0.0
    },
    {
      "id": "C",
      "width": 20.0,
      "height": 20.0,
      "x": 0.0,
      "y": 15.0
    },
    {
      "id": "D",
      "width": 16.0,
      "height": 14.0,
      "x": 30.0,
      "y": 0.0
    },
    {
      "id": "E",
      "width": 4.0,
      "height": 4.0,
      "x": 20.0,
      "y": 30.0
    },
    {
      "id": "F",
      "width": 3.0,
      "height": 4.0,
      "x": 20.0,
      "y": 34.0
    },
    {
      "id": "G",
      "width": 4.0,
      "height": 2.0,
      "x": 46.0,
      "y": 14.0
    },
    {
      "id": "H",
      "width": 3.0,
      "height": 3.0,
      "x": 23.0,
      "y": 34.0
    }
  ]
}