{
  "chiplets": [
    {
      "id": "A",
      "width": 16.0,
      "height": 16.0,
      "x": 26.0,
      "y": 20.0
    },
    {
      "id": "B",
      "width": 10.0,
      "height": 20.0,
      "x": 16.0,
      "y": 1.0
    },
    {
      "id": "C",
      "width": 20.0,
      "height": 20.0,
      "x": 26.0,
      "y": 0.0
    },
    {
      "id": "D",
      "width": 16.0,
      "height": 14.0,
      "x": 0.0,
      "y": 0.0
    },
    {
      "id": "E",
      "width": 4.0,
      "height": 4.0,
      "x": 46.0,
      "y": 0.0
    },
    {
      "id": "F",
      "width": 3.0,
      "height": 4.0,
      "x": 46.0,
      "y": 4.0
    },
    {
      "id": "G",
      "width": 4.0,
      "height": 2.0,
      "x": 42.0,
      "y": 20.0
    },
    {
      "id": "H",
      "width": 3.0,
      "height": 3.0,
      "x": 49.0,
      "y": 4.0
    }
  ]
}