{
  "chiplet_ids": [
    "A",
    "B",
    "C",
    "D",
    "E",
    "F",
    "G",
    "H"
  ],
  "Ch_edges": [
    [
      "A",
      "F"
    ],
    [
      "A",
      "C"
    ],
    [
      "A",
      "D"
    ],
    [
      "A",
      "H"
    ],
    [
      "A",
      "E"
    ],
    [
      "A",
      "B"
    ],
    [
      "B",
      "F"
    ],
    [
      "B",
      "C"
    ],
    [
      "B",
      "D"
    ],
    [
      "B",
      "H"
    ],
    [
      "B",
      "E"
    ],
    [
      "C",
      "H"
    ],
    [
      "C",
      "E"
    ],
    [
      "C",
      "F"
    ],
    [
      "F",
      "H"
    ],
    [
      "G",
      "B"
    ],
    [
      "G",
      "E"
    ],
    [
      "G",
      "A"
    ],
    [
      "G",
      "F"
    ],
    [
      "G",
      "C"
    ],
    [
      "G",
      "D"
    ],
    [
      "G",
      "H"
    ]
  ],
  "Cv_edges": [
    [
      "D",
      "E"
    ],
    [
      "D",
      "C"
    ],
    [
      "D",
      "F"
    ],
    [
      "F",
      "E"
    ],
    [
      "H",
      "D"
    ],
    [
      "H",
      "E"
    ]
  ],
  "metadata": {
    "attempt": 207,
    "status": "\u2713 TCG\u5408\u6cd5+\u8c03\u6574\u6210\u529f",
    "area": 2583.0,
    "utilization": 0.5257452574525745,
    "Pc": 0.0,
    "Pl": 0.0
  }
}