{
  "chiplets": [
    {
      "id": "A",
      "width": 16.0,
      "height": 16.0,
      "x": 33.0,
      "y": 39.0
    },
    {
      "id": "B",
      "width": 10.0,
      "height": 20.0,
      "x": 23.0,
      "y": 20.0
    },
    {
      "id": "C",
      "width": 20.0,
      "height": 20.0,
      "x": 3.0,
      "y": 36.0
    },
    {
      "id": "D",
      "width": 16.0,
      "height": 14.0,
      "x": 33.0,
      "y": 25.0
    },
    {
      "id": "E",
      "width": 4.0,
      "height": 4.0,
      "x": 23.0,
      "y": 55.0
    },
    {
      "id": "F",
      "width": 3.0,
      "height": 4.0,
      "x": 0.0,
      "y": 33.0
    },
    {
      "id": "G",
      "width": 4.0,
      "height": 2.0,
      "x": 49.0,
      "y": 38.0
    },
    {
      "id": "H",
      "width": 3.0,
      "height": 3.0,
      "x": 3.0,
      "y": 31.0
    }
  ]
}