{
  "chiplet_ids": [
    "A",
    "B",
    "C",
    "D",
    "E"
  ],
  "Ch_edges": [
    [
      "B",
      "D"
    ],
    [
      "B",
      "A"
    ],
    [
      "C",
      "D"
    ],
    [
      "C",
      "B"
    ],
    [
      "C",
      "A"
    ],
    [
      "E",
      "A"
    ],
    [
      "E",
      "C"
    ],
    [
      "E",
      "D"
    ],
    [
      "E",
      "B"
    ]
  ],
  "Cv_edges": [
    [
      "D",
      "A"
    ]
  ],
  "metadata": {
    "attempt": 140,
    "status": "\u2713 \u76f4\u63a5\u5408\u6cd5",
    "area": 1500.0,
    "utilization": 0.7306666666666667,
    "Pc": 0.0,
    "Pl": 0.0
  }
}