{
  "chiplets": [
    {
      "id": "A",
      "width": 16.0,
      "height": 16.0,
      "x": 40.0,
      "y": 29.0
    },
    {
      "id": "B",
      "width": 10.0,
      "height": 24.0,
      "x": 30.0,
      "y": 13.0
    },
    {
      "id": "C",
      "width": 20.0,
      "height": 20.0,
      "x": 10.0,
      "y": 30.0
    },
    {
      "id": "D",
      "width": 16.0,
      "height": 16.0,
      "x": 40.0,
      "y": 13.0
    },
    {
      "id": "E",
      "width": 10.0,
      "height": 10.0,
      "x": 0.0,
      "y": 30.0
    },
    {
      "id": "F",
      "width": 8.0,
      "height": 7.0,
      "x": 30.0,
      "y": 43.0
    },
    {
      "id": "G",
      "width": 5.0,
      "height": 6.0,
      "x": 56.0,
      "y": 29.0
    },
    {
      "id": "H",
      "width": 4.0,
      "height": 5.0,
      "x": 38.0,
      "y": 45.0
    }
  ]
}