{
  "chiplets": [
    {
      "id": "A",
      "width": 16.0,
      "height": 16.0,
      "x": 10.0,
      "y": 0.0
    },
    {
      "id": "B",
      "width": 10.0,
      "height": 20.0,
      "x": 0.0,
      "y": 0.0
    },
    {
      "id": "C",
      "width": 20.0,
      "height": 20.0,
      "x": 10.0,
      "y": 16.0
    },
    {
      "id": "D",
      "width": 16.0,
      "height": 14.0,
      "x": 10.0,
      "y": 36.0
    },
    {
      "id": "E",
      "width": 4.0,
      "height": 4.0,
      "x": 30.0,
      "y": 50.0
    }
  ]
}