{
  "chiplets": [
    {
      "id": "A",
      "width": 16.0,
      "height": 16.0,
      "x": 23.0,
      "y": 26.0
    },
    {
      "id": "B",
      "width": 10.0,
      "height": 20.0,
      "x": 39.0,
      "y": 39.0
    },
    {
      "id": "C",
      "width": 20.0,
      "height": 20.0,
      "x": 3.0,
      "y": 11.0
    },
    {
      "id": "D",
      "width": 16.0,
      "height": 14.0,
      "x": 49.0,
      "y": 28.0
    },
    {
      "id": "E",
      "width": 4.0,
      "height": 4.0,
      "x": 39.0,
      "y": 25.0
    },
    {
      "id": "F",
      "width": 3.0,
      "height": 4.0,
      "x": 39.0,
      "y": 35.0
    },
    {
      "id": "G",
      "width": 4.0,
      "height": 2.0,
      "x": 23.0,
      "y": 12.0
    },
    {
      "id": "H",
      "width": 3.0,
      "height": 3.0,
      "x": 0.0,
      "y": 11.0
    },
    {
      "id": "I",
      "width": 4.0,
      "height": 5.0,
      "x": 65.0,
      "y": 30.0
    },
    {
      "id": "J",
      "width": 3.0,
      "height": 3.0,
      "x": 65.0,
      "y": 28.0
    },
    {
      "id": "K",
      "width": 2.0,
      "height": 3.0,
      "x": 49.0,
      "y": 39.0
    },
    {
      "id": "L",
      "width": 2.0,
      "height": 4.0,
      "x": 49.0,
      "y": 38.0
    }
  ]
}